{
  "project_info": {
    "project_number": "265299067289",
    "firebase_url": "https://teak-perigee-572.firebaseio.com",
    "project_id": "teak-perigee-572",
    "storage_bucket": "teak-perigee-572.appspot.com"
  },
  "client": [
    {
      "client_info": {
        "mobilesdk_app_id": "1:265299067289:android:6d064b5bcaa0dba1",
        "android_client_info": {
          "package_name": "com.quickblox.q_municate"
        }
      },
      "oauth_client": [
        {
          "client_id": "265299067289-kpedc35feo4pgo783lke9la3bct1ph78.apps.googleusercontent.com",
          "client_type": 3
        },
        {
          "client_id": "265299067289.apps.googleusercontent.com",
          "client_type": 3
        }
      ],
      "api_key": [
        {
          "current_key": "AIzaSyAE_-1N8BR-ztypF9-aKBMY6xqT7AKKgs4"
        }
      ],
      "services": {
        "analytics_service": {
          "status": 1
        },
        "appinvite_service": {
          "status": 1,
          "other_platform_oauth_client": []
        },
        "ads_service": {
          "status": 2
        }
      }
    }
  ],
  "configuration_version": "1"
}